"id","book_id","chapter_number","total_verses","scraped_at"
"1","1","1","31","""2025-08-30T20:46:52.564Z"""
"2","1","2","25","""2025-08-30T20:46:55.846Z"""
"3","1","3","24","""2025-08-30T20:46:58.658Z"""
"4","1","4","26","""2025-08-30T20:47:01.455Z"""
"5","1","5","32","""2025-08-30T20:47:04.329Z"""
"6","1","6","22","""2025-08-30T20:47:07.642Z"""
"7","1","7","24","""2025-08-30T20:47:10.262Z"""
"8","1","8","22","""2025-08-30T20:47:13.097Z"""
"9","1","9","29","""2025-08-30T20:47:15.823Z"""
"10","1","10","32","""2025-08-30T20:47:19.062Z"""
"11","1","11","32","""2025-08-30T20:47:22.368Z"""
"12","1","12","20","""2025-08-30T20:47:25.650Z"""
"13","1","13","18","""2025-08-30T20:47:28.143Z"""
"14","1","14","24","""2025-08-30T20:47:30.538Z"""
"15","1","15","21","""2025-08-30T20:47:33.258Z"""
"16","1","16","16","""2025-08-30T20:47:35.913Z"""
"17","1","17","27","""2025-08-30T20:47:38.302Z"""
"18","1","18","33","""2025-08-30T20:47:41.330Z"""
"19","1","19","38","""2025-08-30T20:47:44.688Z"""
"20","1","20","18","""2025-08-30T20:47:48.228Z"""
"21","1","21","34","""2025-08-30T20:47:50.575Z"""
"22","1","22","24","""2025-08-30T20:47:53.872Z"""
"23","1","23","20","""2025-08-30T20:47:56.839Z"""
"24","1","24","67","""2025-08-30T20:47:59.439Z"""
"25","1","25","34","""2025-08-30T20:48:04.631Z"""
"26","1","26","35","""2025-08-30T20:48:07.937Z"""
"27","1","27","46","""2025-08-30T20:48:11.436Z"""
"28","1","28","22","""2025-08-30T20:48:15.528Z"""
"29","1","29","35","""2025-08-30T20:48:18.366Z"""
"30","1","30","43","""2025-08-30T20:48:21.777Z"""
"31","1","31","55","""2025-08-30T20:48:25.711Z"""
"32","1","32","32","""2025-08-30T20:48:30.320Z"""
"33","1","33","20","""2025-08-30T20:48:33.626Z"""
"34","1","34","31","""2025-08-30T20:48:36.240Z"""
"35","1","35","29","""2025-08-30T20:48:39.368Z"""
"36","1","36","43","""2025-08-30T20:48:42.604Z"""
"37","1","37","36","""2025-08-30T20:48:46.545Z"""
"38","1","38","30","""2025-08-30T20:48:50.075Z"""
"39","1","39","23","""2025-08-30T20:48:53.259Z"""
"40","1","40","23","""2025-08-30T20:48:55.982Z"""
"41","1","41","57","""2025-08-30T20:48:58.767Z"""
"42","1","42","38","""2025-08-30T20:49:03.902Z"""
"43","1","43","34","""2025-08-30T20:49:07.432Z"""
"44","1","44","34","""2025-08-30T20:49:10.934Z"""
"45","1","45","28","""2025-08-30T20:49:14.270Z"""
"46","1","46","34","""2025-08-30T20:49:17.242Z"""
"47","1","47","31","""2025-08-30T20:49:20.537Z"""
"48","1","48","22","""2025-08-30T20:49:23.755Z"""
"49","1","49","33","""2025-08-30T20:49:26.501Z"""
"50","1","50","26","""2025-08-30T20:49:29.765Z"""
"51","2","1","22","""2025-08-30T20:49:32.720Z"""
"52","2","2","25","""2025-08-30T20:49:35.451Z"""
"53","2","3","22","""2025-08-30T20:49:38.344Z"""
"54","2","4","31","""2025-08-30T20:49:40.971Z"""
"55","2","5","23","""2025-08-30T20:49:44.256Z"""
"56","2","6","30","""2025-08-30T20:49:46.962Z"""
"57","2","7","25","""2025-08-30T20:49:50.048Z"""
"58","2","8","32","""2025-08-30T20:49:52.830Z"""
"59","2","9","35","""2025-08-30T20:49:56.001Z"""
"60","2","10","29","""2025-08-30T20:49:59.474Z"""
"61","2","11","10","""2025-08-30T20:50:02.604Z"""
"62","2","12","51","""2025-08-30T20:50:04.787Z"""
"63","2","13","22","""2025-08-30T20:50:09.186Z"""
"64","2","14","31","""2025-08-30T20:50:11.799Z"""
"65","2","15","27","""2025-08-30T20:50:14.950Z"""
"66","2","16","36","""2025-08-30T20:50:17.839Z"""
"67","2","17","16","""2025-08-30T20:50:21.251Z"""
"68","2","18","27","""2025-08-30T20:50:23.758Z"""
"69","2","19","25","""2025-08-30T20:50:26.770Z"""
"70","2","20","26","""2025-08-30T20:50:29.563Z"""
"71","2","21","36","""2025-08-30T20:50:32.509Z"""
"72","2","22","31","""2025-08-30T20:50:35.881Z"""
"73","2","23","33","""2025-08-30T20:50:39.109Z"""
"74","2","24","18","""2025-08-30T20:50:42.361Z"""
"75","2","25","40","""2025-08-30T20:50:45.017Z"""
"76","2","26","37","""2025-08-30T20:50:48.700Z"""
"77","2","27","21","""2025-08-30T20:50:52.278Z"""
"78","2","28","43","""2025-08-30T20:50:54.953Z"""
"79","2","29","46","""2025-08-30T20:50:59.126Z"""
"80","2","30","38","""2025-08-30T20:51:03.223Z"""
"81","2","31","18","""2025-08-30T20:51:07.020Z"""
"82","2","32","35","""2025-08-30T20:51:09.526Z"""
"83","2","33","23","""2025-08-30T20:51:12.994Z"""
"84","2","34","35","""2025-08-30T20:51:15.672Z"""
"85","2","35","35","""2025-08-30T20:51:19.122Z"""
"86","2","36","38","""2025-08-30T20:51:22.574Z"""
"87","2","37","29","""2025-08-30T20:51:26.274Z"""
"88","2","38","31","""2025-08-30T20:51:29.568Z"""
"89","2","39","43","""2025-08-30T20:51:32.800Z"""
"90","2","40","38","""2025-08-30T20:51:36.721Z"""
"91","3","1","17","""2025-08-30T20:51:40.361Z"""
"92","3","2","16","""2025-08-30T20:51:42.695Z"""
"93","3","3","17","""2025-08-30T20:51:45.076Z"""
"94","3","4","35","""2025-08-30T20:51:47.528Z"""
"96","3","5","19","""2025-08-30T23:19:57.886Z"""
"97","3","6","30","""2025-08-30T23:20:07.101Z"""
"98","3","7","38","""2025-08-30T23:20:11.337Z"""
"99","3","8","36","""2025-08-30T23:20:16.065Z"""
"100","3","9","24","""2025-08-30T23:20:20.631Z"""
"101","3","10","20","""2025-08-30T23:20:24.488Z"""
"102","3","11","47","""2025-08-30T23:20:28.113Z"""
"103","3","12","8","""2025-08-30T23:20:33.316Z"""
"104","3","13","59","""2025-08-30T23:20:36.232Z"""
"105","3","14","57","""2025-08-30T23:20:42.111Z"""
"106","3","15","33","""2025-08-30T23:20:47.920Z"""
"107","3","16","34","""2025-08-30T23:20:52.307Z"""
"108","3","17","16","""2025-08-30T23:20:56.753Z"""
"109","3","18","30","""2025-08-30T23:21:00.144Z"""
"110","3","19","37","""2025-08-30T23:21:04.341Z"""
"111","3","20","27","""2025-08-30T23:21:08.861Z"""
"112","3","21","24","""2025-08-30T23:21:12.983Z"""
"113","3","22","33","""2025-08-30T23:21:16.922Z"""
"114","3","23","44","""2025-08-30T23:21:21.343Z"""
"115","3","24","23","""2025-08-30T23:21:26.401Z"""
"116","3","25","55","""2025-08-30T23:21:30.280Z"""
"117","3","26","46","""2025-08-30T23:21:35.948Z"""
"118","3","27","34","""2025-08-30T23:21:41.185Z"""
"119","4","1","54","""2025-08-30T23:21:45.631Z"""
"120","4","2","34","""2025-08-30T23:21:51.266Z"""
"122","4","3","51","""2025-08-30T23:22:10.555Z"""
"123","4","4","49","""2025-08-30T23:22:22.743Z"""
"124","4","5","31","""2025-08-30T23:22:28.004Z"""
"125","4","6","27","""2025-08-30T23:22:32.257Z"""
"126","4","7","89","""2025-08-30T23:22:36.238Z"""
"127","4","8","26","""2025-08-30T23:22:43.775Z"""
"128","4","9","23","""2025-08-30T23:22:47.754Z"""
"129","4","10","36","""2025-08-30T23:22:51.550Z"""
"130","4","11","35","""2025-08-30T23:22:56.052Z"""
"131","4","12","16","""2025-08-30T23:23:00.605Z"""
"132","4","13","33","""2025-08-30T23:23:03.965Z"""
"133","4","14","45","""2025-08-30T23:23:08.300Z"""
"134","4","15","41","""2025-08-30T23:23:13.367Z"""
"135","4","16","50","""2025-08-30T23:23:18.165Z"""
"136","4","17","13","""2025-08-30T23:23:23.472Z"""
"137","4","18","32","""2025-08-30T23:23:26.666Z"""
"138","4","19","22","""2025-08-30T23:23:30.824Z"""
"139","4","20","29","""2025-08-30T23:23:34.406Z"""
"140","4","21","35","""2025-08-30T23:23:38.389Z"""
"141","4","22","41","""2025-08-30T23:23:42.729Z"""
"142","4","23","30","""2025-08-30T23:23:47.417Z"""
"143","4","24","25","""2025-08-30T23:23:51.463Z"""
"144","4","25","18","""2025-08-30T23:23:55.247Z"""
"145","4","26","65","""2025-08-30T23:23:58.593Z"""
"146","4","27","23","""2025-08-30T23:24:04.652Z"""
"147","4","28","31","""2025-08-30T23:24:08.301Z"""
"148","4","29","40","""2025-08-30T23:24:12.499Z"""
"149","4","30","16","""2025-08-30T23:24:17.243Z"""
"150","4","31","54","""2025-08-30T23:24:20.771Z"""
"151","4","32","42","""2025-08-30T23:24:26.324Z"""
"152","4","33","56","""2025-08-30T23:24:31.182Z"""
"153","4","34","29","""2025-08-30T23:24:36.872Z"""
"154","4","35","34","""2025-08-30T23:24:40.953Z"""
"155","4","36","13","""2025-08-30T23:24:45.342Z"""
"156","5","1","46","""2025-08-30T23:24:48.502Z"""
"157","5","2","37","""2025-08-30T23:24:53.499Z"""
"158","5","3","29","""2025-08-30T23:24:57.974Z"""
"159","5","4","49","""2025-08-30T23:25:01.982Z"""
"160","5","5","33","""2025-08-30T23:25:07.135Z"""
"161","5","6","25","""2025-08-30T23:25:11.356Z"""
"162","5","7","26","""2025-08-30T23:25:15.153Z"""
"163","5","8","20","""2025-08-30T23:25:19.096Z"""
"164","5","9","29","""2025-08-30T23:25:22.668Z"""
"165","5","10","22","""2025-08-30T23:25:26.760Z"""
"166","5","11","32","""2025-08-30T23:25:30.444Z"""
"167","5","12","32","""2025-08-30T23:25:34.714Z"""
"168","5","13","18","""2025-08-30T23:25:38.980Z"""
"169","5","14","29","""2025-08-30T23:25:42.433Z"""
"170","5","15","23","""2025-08-30T23:25:46.556Z"""
"171","5","16","22","""2025-08-30T23:25:50.294Z"""
"172","5","17","20","""2025-08-30T23:25:53.869Z"""
"173","5","18","22","""2025-08-30T23:25:57.337Z"""
"174","5","19","21","""2025-08-30T23:26:00.913Z"""
"175","5","20","20","""2025-08-30T23:26:04.443Z"""
"176","5","21","23","""2025-08-30T23:26:07.928Z"""
"177","5","22","30","""2025-08-30T23:26:11.594Z"""
"178","5","23","25","""2025-08-30T23:26:15.641Z"""
"179","5","24","22","""2025-08-30T23:26:19.498Z"""
"180","5","25","19","""2025-08-30T23:26:23.201Z"""
"181","5","26","19","""2025-08-30T23:26:26.711Z"""
"182","5","27","26","""2025-08-30T23:26:30.227Z"""
"183","5","28","68","""2025-08-30T23:26:34.199Z"""
"184","5","29","29","""2025-08-30T23:26:40.450Z"""
"185","5","30","20","""2025-08-30T23:26:44.538Z"""
"186","5","31","30","""2025-08-30T23:26:48.027Z"""
"187","5","32","52","""2025-08-30T23:26:52.200Z"""
"188","5","33","29","""2025-08-30T23:26:57.529Z"""
"189","5","34","12","""2025-08-30T23:27:01.677Z"""
"190","6","1","18","""2025-08-30T23:27:04.894Z"""
"191","6","2","24","""2025-08-30T23:27:08.395Z"""
"192","6","3","17","""2025-08-30T23:27:12.232Z"""
"193","6","4","24","""2025-08-30T23:27:15.702Z"""
"194","6","5","15","""2025-08-30T23:27:19.589Z"""
"195","6","6","27","""2025-08-30T23:27:22.929Z"""
"196","6","7","26","""2025-08-30T23:27:27.073Z"""
"197","6","8","35","""2025-08-30T23:27:31.062Z"""
"198","6","9","27","""2025-08-30T23:27:35.557Z"""
"199","6","10","43","""2025-08-30T23:27:39.602Z"""
"200","6","11","23","""2025-08-30T23:27:44.559Z"""
"201","6","12","24","""2025-08-30T23:27:48.377Z"""
"202","6","13","33","""2025-08-30T23:27:52.243Z"""
"203","6","14","15","""2025-08-30T23:27:56.743Z"""
"204","6","15","63","""2025-08-30T23:28:00.096Z"""
"205","6","16","10","""2025-08-30T23:28:06.210Z"""
"206","6","17","18","""2025-08-30T23:28:09.274Z"""
"207","6","18","28","""2025-08-30T23:28:12.778Z"""
"208","6","19","51","""2025-08-30T23:28:16.869Z"""
"209","6","20","9","""2025-08-30T23:28:22.421Z"""
"210","6","21","45","""2025-08-30T23:28:25.403Z"""
"211","6","22","34","""2025-08-30T23:28:30.493Z"""
"212","6","23","16","""2025-08-30T23:28:34.990Z"""
"213","6","24","33","""2025-08-30T23:28:38.402Z"""
"214","7","1","36","""2025-08-30T23:28:42.784Z"""
"215","7","2","23","""2025-08-30T23:28:47.348Z"""
"216","7","3","31","""2025-08-30T23:28:51.163Z"""
"217","7","4","24","""2025-08-30T23:28:55.437Z"""
"218","7","5","31","""2025-08-30T23:28:59.310Z"""
"219","7","6","40","""2025-08-30T23:29:03.580Z"""
"220","7","7","25","""2025-08-30T23:29:08.374Z"""
"221","7","8","35","""2025-08-30T23:29:12.196Z"""
"222","7","9","57","""2025-08-30T23:29:16.835Z"""
"223","7","10","18","""2025-08-30T23:29:22.622Z"""
"224","7","11","40","""2025-08-30T23:29:26.130Z"""
"225","7","12","15","""2025-08-30T23:29:30.934Z"""
"226","7","13","25","""2025-08-30T23:29:34.537Z"""
"227","7","14","20","""2025-08-30T23:29:38.445Z"""
"228","7","15","20","""2025-08-30T23:29:42.062Z"""
"229","7","16","31","""2025-08-30T23:29:45.714Z"""
"230","7","17","13","""2025-08-30T23:29:49.970Z"""
"231","7","18","31","""2025-08-30T23:29:53.212Z"""
"232","7","19","30","""2025-08-30T23:29:57.492Z"""
"233","7","20","48","""2025-08-30T23:30:01.682Z"""
"234","7","21","25","""2025-08-30T23:30:06.981Z"""
"235","8","1","22","""2025-08-30T23:30:11.016Z"""
"236","8","2","23","""2025-08-30T23:30:14.889Z"""
"237","8","3","18","""2025-08-30T23:30:19.208Z"""
"238","8","4","22","""2025-08-30T23:30:22.809Z"""
"239","9","1","28","""2025-08-30T23:30:26.571Z"""
"240","9","2","36","""2025-08-30T23:30:30.573Z"""
"241","9","3","21","""2025-08-30T23:30:35.166Z"""
"242","9","4","22","""2025-08-30T23:30:39.002Z"""
"243","9","5","12","""2025-08-30T23:30:42.879Z"""
"244","9","6","21","""2025-08-30T23:30:46.060Z"""
"245","9","7","17","""2025-08-30T23:30:49.756Z"""
"246","9","8","22","""2025-08-30T23:30:53.234Z"""
"247","9","9","27","""2025-08-30T23:30:56.911Z"""
"248","9","10","27","""2025-08-30T23:31:00.943Z"""
"249","9","11","15","""2025-08-30T23:31:05.110Z"""
"250","9","12","25","""2025-08-30T23:31:08.451Z"""
"251","9","13","23","""2025-08-30T23:31:12.379Z"""
"252","9","14","52","""2025-08-30T23:31:16.225Z"""
"253","9","15","35","""2025-08-30T23:31:21.717Z"""
"254","9","16","23","""2025-08-30T23:31:26.229Z"""
"255","9","17","58","""2025-08-30T23:31:30.318Z"""
"256","9","18","30","""2025-08-30T23:31:36.158Z"""
"257","9","19","24","""2025-08-30T23:31:40.393Z"""
"258","9","20","42","""2025-08-30T23:31:44.193Z"""
"259","9","21","15","""2025-08-30T23:31:49.171Z"""
"260","9","22","23","""2025-08-30T23:31:52.534Z"""
"261","9","23","29","""2025-08-30T23:31:56.430Z"""
"262","9","24","22","""2025-08-30T23:32:00.725Z"""
"263","9","25","44","""2025-08-30T23:32:04.462Z"""
"264","9","26","25","""2025-08-30T23:32:09.545Z"""
"265","9","27","12","""2025-08-30T23:32:13.460Z"""
"266","9","28","25","""2025-08-30T23:32:16.621Z"""
"267","9","29","11","""2025-08-30T23:32:20.561Z"""
"268","9","30","31","""2025-08-30T23:32:23.756Z"""
"269","9","31","13","""2025-08-30T23:32:27.921Z"""
"270","10","1","27","""2025-08-30T23:32:31.150Z"""
"271","10","2","32","""2025-08-30T23:32:35.210Z"""
"272","10","3","39","""2025-08-30T23:32:39.568Z"""
"273","10","4","12","""2025-08-30T23:32:44.217Z"""
"274","10","5","25","""2025-08-30T23:32:47.309Z"""
"275","10","6","23","""2025-08-30T23:32:51.277Z"""
"276","10","7","29","""2025-08-30T23:32:54.987Z"""
"277","10","8","18","""2025-08-30T23:32:59.036Z"""
"278","10","9","13","""2025-08-30T23:33:02.577Z"""
"279","10","10","19","""2025-08-30T23:33:05.826Z"""
"280","10","11","27","""2025-08-30T23:33:09.297Z"""
"281","10","12","31","""2025-08-30T23:33:13.377Z"""
"282","10","13","39","""2025-08-30T23:33:17.648Z"""
"283","10","14","33","""2025-08-30T23:33:22.412Z"""
"284","10","15","37","""2025-08-30T23:33:26.827Z"""
"285","10","16","23","""2025-08-30T23:33:31.481Z"""
"286","10","17","29","""2025-08-30T23:33:35.293Z"""
"287","10","18","33","""2025-08-30T23:33:39.459Z"""
"288","10","19","43","""2025-08-30T23:33:43.943Z"""
"289","10","20","26","""2025-08-30T23:33:48.823Z"""
"290","10","21","22","""2025-08-30T23:33:52.820Z"""
"291","10","22","51","""2025-08-30T23:33:56.612Z"""
"292","10","23","39","""2025-08-30T23:34:02.116Z"""
"293","10","24","25","""2025-08-30T23:34:06.874Z"""
"294","11","1","53","""2025-08-30T23:34:10.943Z"""
"295","11","2","46","""2025-08-30T23:34:16.508Z"""
"296","11","3","28","""2025-08-30T23:34:21.645Z"""
"297","11","4","34","""2025-08-30T23:34:25.736Z"""
"298","11","5","18","""2025-08-30T23:34:30.168Z"""
"299","11","6","38","""2025-08-30T23:34:33.722Z"""
"300","11","7","51","""2025-08-30T23:34:38.404Z"""
"301","11","8","66","""2025-08-30T23:34:43.988Z"""
"302","11","9","28","""2025-08-30T23:34:50.229Z"""
"303","11","10","29","""2025-08-30T23:34:54.344Z"""
"304","11","11","43","""2025-08-30T23:34:58.376Z"""
"305","11","12","33","""2025-08-30T23:35:03.331Z"""
"306","11","13","34","""2025-08-30T23:35:07.721Z"""
"307","11","14","31","""2025-08-30T23:35:12.275Z"""
"308","11","15","34","""2025-08-30T23:35:16.713Z"""
"309","11","16","34","""2025-08-30T23:35:21.170Z"""
"310","11","17","24","""2025-08-30T23:35:25.530Z"""
"311","11","18","46","""2025-08-30T23:35:29.410Z"""
"312","11","19","21","""2025-08-30T23:35:34.559Z"""
"313","11","20","43","""2025-08-30T23:35:38.262Z"""
"314","11","21","29","""2025-08-30T23:35:43.416Z"""
"315","11","22","53","""2025-08-30T23:35:47.545Z"""
"316","12","1","18","""2025-08-30T23:35:53.118Z"""
"317","12","2","25","""2025-08-30T23:35:56.619Z"""
"318","12","3","27","""2025-08-30T23:36:00.431Z"""
"319","12","4","44","""2025-08-30T23:36:04.499Z"""
"320","12","5","27","""2025-08-30T23:36:09.568Z"""
"321","12","6","33","""2025-08-30T23:36:13.611Z"""
"322","12","7","20","""2025-08-30T23:36:17.901Z"""
"323","12","8","29","""2025-08-30T23:36:21.529Z"""
"324","12","9","37","""2025-08-30T23:36:25.594Z"""
"325","12","10","36","""2025-08-30T23:36:30.423Z"""
"326","12","11","21","""2025-08-30T23:36:35.236Z"""
"327","12","12","21","""2025-08-30T23:36:39.091Z"""
"328","12","13","25","""2025-08-30T23:36:42.783Z"""
"329","12","14","29","""2025-08-30T23:36:46.710Z"""
"330","12","15","38","""2025-08-30T23:36:50.904Z"""
"331","12","16","20","""2025-08-30T23:36:55.681Z"""
"332","12","17","41","""2025-08-30T23:36:59.308Z"""
"333","12","18","37","""2025-08-30T23:37:04.102Z"""
"334","12","19","37","""2025-08-30T23:37:08.659Z"""
"335","12","20","21","""2025-08-30T23:37:13.136Z"""
"336","12","21","26","""2025-08-30T23:37:16.812Z"""
"337","12","22","20","""2025-08-30T23:37:20.736Z"""
"338","12","23","37","""2025-08-30T23:37:24.323Z"""
"339","12","24","20","""2025-08-30T23:37:28.892Z"""
"340","12","25","30","""2025-08-30T23:37:32.501Z"""
"341","13","1","54","""2025-08-30T23:37:36.654Z"""
"342","13","2","55","""2025-08-30T23:37:42.190Z"""
"343","13","3","24","""2025-08-30T23:37:47.788Z"""
"344","13","4","43","""2025-08-30T23:37:51.590Z"""
"345","13","5","26","""2025-08-30T23:37:56.480Z"""
"346","13","6","81","""2025-08-30T23:38:00.437Z"""
"347","13","7","40","""2025-08-30T23:38:07.544Z"""
"348","13","8","40","""2025-08-30T23:38:12.277Z"""
"349","13","9","44","""2025-08-30T23:38:16.931Z"""
"350","13","10","14","""2025-08-30T23:38:21.890Z"""
"351","13","11","47","""2025-08-30T23:38:25.118Z"""
"352","13","12","40","""2025-08-30T23:38:30.165Z"""
"353","13","13","14","""2025-08-30T23:38:34.956Z"""
"354","13","14","17","""2025-08-30T23:38:38.083Z"""
"355","13","15","29","""2025-08-30T23:38:41.380Z"""
"356","13","16","43","""2025-08-30T23:38:45.475Z"""
"357","13","17","27","""2025-08-30T23:38:50.392Z"""
"358","13","18","17","""2025-08-30T23:38:54.396Z"""
"359","13","19","19","""2025-08-30T23:38:57.843Z"""
"360","13","20","8","""2025-08-30T23:39:01.358Z"""
"361","13","21","30","""2025-08-30T23:39:04.245Z"""
"362","13","22","19","""2025-08-30T23:39:08.512Z"""
"363","13","23","32","""2025-08-30T23:39:12.017Z"""
"364","13","24","31","""2025-08-30T23:39:16.319Z"""
"365","13","25","31","""2025-08-30T23:39:20.569Z"""
"366","13","26","32","""2025-08-30T23:39:24.849Z"""
"367","13","27","34","""2025-08-30T23:39:29.187Z"""
"368","13","28","21","""2025-08-30T23:39:33.612Z"""
"369","13","29","30","""2025-08-30T23:39:37.287Z"""
"370","14","1","17","""2025-08-30T23:39:41.492Z"""
"371","14","2","18","""2025-08-30T23:39:44.924Z"""
"372","14","3","17","""2025-08-30T23:39:48.331Z"""
"373","14","4","22","""2025-08-30T23:39:51.841Z"""
"374","14","5","14","""2025-08-30T23:39:55.576Z"""
"375","14","6","42","""2025-08-30T23:39:58.838Z"""
"376","14","7","22","""2025-08-30T23:40:03.935Z"""
"377","14","8","18","""2025-08-30T23:40:07.736Z"""
"378","14","9","31","""2025-08-30T23:40:11.251Z"""
"379","14","10","19","""2025-08-30T23:40:15.544Z"""
"380","14","11","23","""2025-08-30T23:40:19.195Z"""
"381","14","12","16","""2025-08-30T23:40:22.976Z"""
"382","14","13","22","""2025-08-30T23:40:26.377Z"""
"383","14","14","15","""2025-08-30T23:40:30.116Z"""
"384","14","15","19","""2025-08-30T23:40:33.440Z"""
"385","14","16","14","""2025-08-30T23:40:36.986Z"""
"386","14","17","19","""2025-08-30T23:40:40.347Z"""
"387","14","18","34","""2025-08-30T23:40:44.164Z"""
"388","14","19","11","""2025-08-30T23:40:48.740Z"""
"389","14","20","37","""2025-08-30T23:40:51.852Z"""
"390","14","21","20","""2025-08-30T23:40:56.793Z"""
"391","14","22","12","""2025-08-30T23:41:00.406Z"""
"392","14","23","21","""2025-08-30T23:41:03.672Z"""
"393","14","24","27","""2025-08-30T23:41:07.417Z"""
"394","14","25","28","""2025-08-30T23:41:11.452Z"""
"395","14","26","23","""2025-08-30T23:41:15.552Z"""
"396","14","27","9","""2025-08-30T23:41:19.337Z"""
"397","14","28","27","""2025-08-30T23:41:22.317Z"""
"398","14","29","36","""2025-08-30T23:41:26.264Z"""
"399","14","30","27","""2025-08-30T23:41:30.960Z"""
"400","14","31","21","""2025-08-30T23:41:35.015Z"""
"401","14","32","33","""2025-08-30T23:41:38.743Z"""
"402","14","33","25","""2025-08-30T23:41:43.131Z"""
"403","14","34","33","""2025-08-30T23:41:47.152Z"""
"404","14","35","27","""2025-08-30T23:41:51.537Z"""
"405","14","36","23","""2025-08-30T23:41:55.774Z"""
"406","15","1","11","""2025-08-30T23:41:59.581Z"""
"407","15","2","70","""2025-08-30T23:42:02.761Z"""
"408","15","3","13","""2025-08-30T23:42:09.373Z"""
"409","15","4","24","""2025-08-30T23:42:12.609Z"""
"410","15","5","17","""2025-08-30T23:42:16.524Z"""
"411","15","6","22","""2025-08-30T23:42:19.959Z"""
"412","15","7","28","""2025-08-30T23:42:23.845Z"""
"413","15","8","36","""2025-08-30T23:42:27.933Z"""
"414","15","9","15","""2025-08-30T23:42:32.519Z"""
"415","15","10","44","""2025-08-30T23:42:35.877Z"""
"416","16","1","11","""2025-08-30T23:42:40.784Z"""
"417","16","2","20","""2025-08-30T23:42:43.887Z"""
"418","16","3","32","""2025-08-30T23:42:47.529Z"""
"419","16","4","23","""2025-08-30T23:42:51.990Z"""
"420","16","5","19","""2025-08-30T23:42:55.807Z"""
"421","16","6","19","""2025-08-30T23:42:59.373Z"""
"422","16","7","73","""2025-08-30T23:43:02.939Z"""
"423","16","8","18","""2025-08-30T23:43:09.632Z"""
"424","16","9","38","""2025-08-30T23:43:13.161Z"""
"425","16","10","39","""2025-08-30T23:43:18.006Z"""
"426","16","11","36","""2025-08-30T23:43:22.757Z"""
"427","16","12","47","""2025-08-30T23:43:27.322Z"""
"428","16","13","31","""2025-08-30T23:43:32.581Z"""
"429","17","1","22","""2025-08-30T23:43:36.751Z"""
"430","17","2","23","""2025-08-30T23:43:40.398Z"""
"431","17","3","15","""2025-08-30T23:43:44.082Z"""
"432","17","4","17","""2025-08-30T23:43:47.494Z"""
"433","17","5","14","""2025-08-30T23:43:50.847Z"""
"434","17","6","14","""2025-08-30T23:43:54.049Z"""
"435","17","7","10","""2025-08-30T23:43:57.240Z"""
"436","17","8","17","""2025-08-30T23:44:00.178Z"""
"437","17","9","32","""2025-08-30T23:44:03.543Z"""
"438","17","10","3","""2025-08-30T23:44:07.880Z"""
"439","18","1","22","""2025-08-30T23:44:10.435Z"""
"440","18","2","13","""2025-08-30T23:44:14.276Z"""
"441","18","3","26","""2025-08-30T23:44:17.407Z"""
"442","18","4","21","""2025-08-30T23:44:21.355Z"""
"443","18","5","27","""2025-08-30T23:44:25.068Z"""
"444","18","6","30","""2025-08-30T23:44:29.146Z"""
"445","18","7","21","""2025-08-30T23:44:33.499Z"""
"446","18","8","22","""2025-08-30T23:44:37.190Z"""
"447","18","9","35","""2025-08-30T23:44:40.850Z"""
"448","18","10","22","""2025-08-30T23:44:45.254Z"""
"449","18","11","20","""2025-08-30T23:44:48.917Z"""
"450","18","12","25","""2025-08-30T23:44:52.541Z"""
"451","18","13","28","""2025-08-30T23:44:56.412Z"""
"452","18","14","22","""2025-08-30T23:45:00.576Z"""
"453","18","15","35","""2025-08-30T23:45:04.247Z"""
"454","18","16","22","""2025-08-30T23:45:08.687Z"""
"455","18","17","16","""2025-08-30T23:45:12.370Z"""
"456","18","18","21","""2025-08-30T23:45:15.697Z"""
"457","18","19","29","""2025-08-30T23:45:19.287Z"""
"458","18","20","29","""2025-08-30T23:45:23.471Z"""
"459","18","21","34","""2025-08-30T23:45:27.535Z"""
"460","18","22","30","""2025-08-30T23:45:31.882Z"""
"461","18","23","17","""2025-08-30T23:45:35.976Z"""
"462","18","24","25","""2025-08-30T23:45:39.331Z"""
"463","18","25","6","""2025-08-30T23:45:43.158Z"""
"464","18","26","14","""2025-08-30T23:45:45.880Z"""
"465","18","27","23","""2025-08-30T23:45:49.192Z"""
"466","18","28","28","""2025-08-30T23:45:52.894Z"""
"467","18","29","25","""2025-08-30T23:45:56.913Z"""
"468","18","30","31","""2025-08-30T23:46:00.751Z"""
"469","18","31","40","""2025-08-30T23:46:04.904Z"""
"470","18","32","22","""2025-08-30T23:46:09.566Z"""
"471","18","33","33","""2025-08-30T23:46:13.301Z"""
"472","18","34","37","""2025-08-30T23:46:17.574Z"""
"473","18","35","16","""2025-08-30T23:46:22.056Z"""
"474","18","36","33","""2025-08-30T23:46:25.342Z"""
"475","18","37","24","""2025-08-30T23:46:29.587Z"""
"476","18","38","41","""2025-08-30T23:46:33.333Z"""
"477","18","39","30","""2025-08-30T23:46:38.042Z"""
"478","18","40","24","""2025-08-30T23:46:42.259Z"""
"479","18","41","34","""2025-08-30T23:46:45.983Z"""
"480","18","42","17","""2025-08-30T23:46:50.287Z"""
"481","19","1","6","""2025-08-30T23:46:53.620Z"""
"482","19","2","12","""2025-08-30T23:46:56.437Z"""
"483","19","3","8","""2025-08-30T23:46:59.579Z"""
"484","19","4","8","""2025-08-30T23:47:02.488Z"""
"485","19","5","12","""2025-08-30T23:47:05.548Z"""
"486","19","6","10","""2025-08-30T23:47:08.707Z"""
"487","19","7","17","""2025-08-30T23:47:11.750Z"""
"488","19","8","9","""2025-08-30T23:47:15.189Z"""
"489","19","9","20","""2025-08-30T23:47:18.227Z"""
"490","19","10","18","""2025-08-30T23:47:21.843Z"""
"491","19","11","7","""2025-08-30T23:47:25.452Z"""
"492","19","12","8","""2025-08-30T23:47:28.326Z"""
"493","19","13","6","""2025-08-30T23:47:31.240Z"""
"494","19","14","7","""2025-08-30T23:47:34.052Z"""
"495","19","15","5","""2025-08-30T23:47:36.935Z"""
"496","19","16","11","""2025-08-30T23:47:39.663Z"""
"497","19","17","15","""2025-08-30T23:47:42.741Z"""
"498","19","18","50","""2025-08-30T23:47:46.194Z"""
"499","19","19","14","""2025-08-30T23:47:51.520Z"""
"500","19","20","9","""2025-08-30T23:47:54.956Z"""
"501","19","21","13","""2025-08-30T23:47:57.958Z"""
"502","19","22","31","""2025-08-30T23:48:01.193Z"""
"503","19","23","6","""2025-08-30T23:48:05.439Z"""
"504","19","24","10","""2025-08-30T23:48:08.240Z"""
"505","19","25","22","""2025-08-30T23:48:11.410Z"""
"506","19","26","12","""2025-08-30T23:48:15.117Z"""
"507","19","27","14","""2025-08-30T23:48:18.256Z"""
"508","19","28","9","""2025-08-30T23:48:21.534Z"""
"509","19","29","11","""2025-08-30T23:48:24.510Z"""
"510","19","30","12","""2025-08-30T23:48:27.598Z"""
"511","19","31","24","""2025-08-30T23:48:30.859Z"""
"512","19","32","11","""2025-08-30T23:48:34.723Z"""
"513","19","33","22","""2025-08-30T23:48:37.788Z"""
"514","19","34","22","""2025-08-30T23:48:41.501Z"""
"515","19","35","28","""2025-08-30T23:48:45.229Z"""
"516","19","36","12","""2025-08-30T23:48:49.270Z"""
"517","19","37","40","""2025-08-30T23:48:52.408Z"""
"518","19","38","22","""2025-08-30T23:48:57.271Z"""
"519","19","39","13","""2025-08-30T23:49:01.004Z"""
"520","19","40","17","""2025-08-30T23:49:04.270Z"""
"521","19","41","13","""2025-08-30T23:49:07.685Z"""
"522","19","42","11","""2025-08-30T23:49:10.860Z"""
"523","19","43","5","""2025-08-30T23:49:13.954Z"""
"524","19","44","26","""2025-08-30T23:49:16.729Z"""
"525","19","45","17","""2025-08-30T23:49:20.815Z"""
"526","19","46","11","""2025-08-30T23:49:24.246Z"""
"527","19","47","9","""2025-08-30T23:49:27.332Z"""
"528","19","48","14","""2025-08-30T23:49:30.302Z"""
"529","19","49","20","""2025-08-30T23:49:33.572Z"""
"530","19","50","23","""2025-08-30T23:49:37.162Z"""
"531","19","51","19","""2025-08-30T23:49:40.984Z"""
"532","19","52","9","""2025-08-30T23:49:44.511Z"""
"533","19","53","6","""2025-08-30T23:49:47.461Z"""
"534","19","54","7","""2025-08-30T23:49:50.251Z"""
"535","19","55","23","""2025-08-30T23:49:53.128Z"""
"536","19","56","13","""2025-08-30T23:49:56.885Z"""
"537","19","57","11","""2025-08-30T23:50:00.074Z"""
"538","19","58","11","""2025-08-30T23:50:03.256Z"""
"539","19","59","17","""2025-08-30T23:50:06.366Z"""
"540","19","60","12","""2025-08-30T23:50:09.775Z"""
"541","19","61","8","""2025-08-30T23:50:12.906Z"""
"542","19","62","12","""2025-08-30T23:50:15.901Z"""
"543","19","63","11","""2025-08-30T23:50:19.047Z"""
"544","19","64","10","""2025-08-30T23:50:22.132Z"""
"545","19","65","13","""2025-08-30T23:50:25.219Z"""
"546","19","66","20","""2025-08-30T23:50:28.396Z"""
"547","19","67","7","""2025-08-30T23:50:31.969Z"""
"548","19","68","35","""2025-08-30T23:50:34.837Z"""
"549","19","69","36","""2025-08-30T23:50:39.290Z"""
"550","19","70","5","""2025-08-30T23:50:43.786Z"""
"551","19","71","24","""2025-08-30T23:50:46.637Z"""
"552","19","72","20","""2025-08-30T23:50:50.457Z"""
"553","19","73","28","""2025-08-30T23:50:54.049Z"""
"554","19","74","23","""2025-08-30T23:50:58.095Z"""
"555","19","75","10","""2025-08-30T23:51:01.852Z"""
"556","19","76","12","""2025-08-30T23:51:04.862Z"""
"557","19","77","20","""2025-08-30T23:51:08.003Z"""
"558","19","78","72","""2025-08-30T23:51:11.700Z"""
"559","19","79","13","""2025-08-30T23:51:18.275Z"""
"560","19","80","19","""2025-08-30T23:51:21.430Z"""
"561","19","81","16","""2025-08-30T23:51:24.929Z"""
"562","19","82","8","""2025-08-30T23:51:28.241Z"""
"563","19","83","18","""2025-08-30T23:51:31.107Z"""
"564","19","84","12","""2025-08-30T23:51:34.567Z"""
"565","19","85","13","""2025-08-30T23:51:37.664Z"""
"566","19","86","17","""2025-08-30T23:51:40.830Z"""
"567","19","87","7","""2025-08-30T23:51:44.197Z"""
"568","19","88","18","""2025-08-30T23:51:47.023Z"""
"569","19","89","52","""2025-08-30T23:51:50.469Z"""
"570","19","90","17","""2025-08-30T23:51:55.820Z"""
"571","19","91","16","""2025-08-30T23:51:59.222Z"""
"572","19","92","15","""2025-08-30T23:52:02.445Z"""
"573","19","93","5","""2025-08-30T23:52:05.699Z"""
"574","19","94","23","""2025-08-30T23:52:08.389Z"""
"575","19","95","11","""2025-08-30T23:52:12.095Z"""
"576","19","96","13","""2025-08-30T23:52:15.163Z"""
"577","19","97","12","""2025-08-30T23:52:18.301Z"""
"578","19","98","9","""2025-08-30T23:52:21.455Z"""
"579","19","99","9","""2025-08-30T23:52:24.399Z"""
"580","19","100","5","""2025-08-30T23:52:27.330Z"""
"581","19","101","8","""2025-08-30T23:52:30.031Z"""
"582","19","102","28","""2025-08-30T23:52:32.903Z"""
"583","19","103","22","""2025-08-30T23:52:36.893Z"""
"584","19","104","35","""2025-08-30T23:52:40.608Z"""
"585","19","105","45","""2025-08-30T23:52:45.011Z"""
"586","19","106","48","""2025-08-30T23:52:50.038Z"""
"587","19","107","43","""2025-08-30T23:52:55.160Z"""
"588","19","108","13","""2025-08-30T23:53:00.007Z"""
"589","19","109","31","""2025-08-30T23:53:03.165Z"""
"590","19","110","7","""2025-08-30T23:53:07.333Z"""
"591","19","111","10","""2025-08-30T23:53:10.183Z"""
"592","19","112","10","""2025-08-30T23:53:13.155Z"""
"593","19","113","9","""2025-08-30T23:53:16.132Z"""
"594","19","114","8","""2025-08-30T23:53:19.074Z"""
"595","19","115","18","""2025-08-30T23:53:21.933Z"""
"596","19","116","19","""2025-08-30T23:53:25.361Z"""
"597","19","117","2","""2025-08-30T23:53:28.863Z"""
"598","19","118","29","""2025-08-30T23:53:31.424Z"""
"599","19","119","176","""2025-08-30T23:53:35.471Z"""
"600","19","120","7","""2025-08-30T23:53:47.867Z"""
"601","19","121","8","""2025-08-30T23:53:50.670Z"""
"602","19","122","9","""2025-08-30T23:53:53.536Z"""
"603","19","123","4","""2025-08-30T23:53:56.452Z"""
"604","19","124","8","""2025-08-30T23:53:59.116Z"""
"605","19","125","5","""2025-08-30T23:54:01.979Z"""
"606","19","126","6","""2025-08-30T23:54:04.697Z"""
"607","19","127","5","""2025-08-30T23:54:07.460Z"""
"608","19","128","6","""2025-08-30T23:54:10.156Z"""
"609","19","129","8","""2025-08-30T23:54:12.899Z"""
"610","19","130","8","""2025-08-30T23:54:15.767Z"""
"611","19","131","3","""2025-08-30T23:54:18.678Z"""
"612","19","132","18","""2025-08-30T23:54:21.252Z"""
"613","19","133","3","""2025-08-30T23:54:24.687Z"""
"614","19","134","3","""2025-08-30T23:54:27.282Z"""
"615","19","135","21","""2025-08-30T23:54:29.881Z"""
"616","19","136","26","""2025-08-30T23:54:33.547Z"""
"617","19","137","9","""2025-08-30T23:54:37.473Z"""
"618","19","138","8","""2025-08-30T23:54:40.390Z"""
"619","19","139","24","""2025-08-30T23:54:43.398Z"""
"620","19","140","13","""2025-08-30T23:54:47.173Z"""
"621","19","141","10","""2025-08-30T23:54:50.329Z"""
"622","19","142","7","""2025-08-30T23:54:53.306Z"""
"623","19","143","12","""2025-08-30T23:54:56.119Z"""
"624","19","144","15","""2025-08-30T23:54:59.237Z"""
"625","19","145","21","""2025-08-30T23:55:02.495Z"""
"626","19","146","10","""2025-08-30T23:55:06.089Z"""
"627","19","147","20","""2025-08-30T23:55:09.092Z"""
"628","19","148","14","""2025-08-30T23:55:12.651Z"""
"629","19","149","9","""2025-08-30T23:55:15.858Z"""
"630","19","150","6","""2025-08-30T23:55:18.781Z"""
"631","20","1","33","""2025-08-30T23:55:21.570Z"""
"632","20","2","22","""2025-08-30T23:55:25.750Z"""
"633","20","3","35","""2025-08-30T23:55:29.315Z"""
"634","20","4","27","""2025-08-30T23:55:33.742Z"""
"635","20","5","23","""2025-08-30T23:55:37.586Z"""
"636","20","6","35","""2025-08-30T23:55:41.191Z"""
"637","20","7","27","""2025-08-30T23:55:45.534Z"""
"638","20","8","36","""2025-08-30T23:55:49.466Z"""
"639","20","9","18","""2025-08-30T23:55:53.917Z"""
"640","20","10","32","""2025-08-30T23:55:57.346Z"""
"641","20","11","31","""2025-08-30T23:56:01.562Z"""
"642","20","12","28","""2025-08-30T23:56:05.720Z"""
"643","20","13","25","""2025-08-30T23:56:09.620Z"""
"644","20","14","35","""2025-08-30T23:56:13.510Z"""
"645","20","15","33","""2025-08-30T23:56:17.809Z"""
"646","20","16","33","""2025-08-30T23:56:21.994Z"""
"647","20","17","28","""2025-08-30T23:56:26.180Z"""
"648","20","18","24","""2025-08-30T23:56:30.075Z"""
"649","20","19","29","""2025-08-30T23:56:33.748Z"""
"650","20","20","30","""2025-08-30T23:56:37.751Z"""
"651","20","21","31","""2025-08-30T23:56:41.758Z"""
"652","20","22","29","""2025-08-30T23:56:45.826Z"""
"653","20","23","35","""2025-08-30T23:56:49.779Z"""
"654","20","24","34","""2025-08-30T23:56:54.100Z"""
"655","20","25","28","""2025-08-30T23:56:58.334Z"""
"656","20","26","28","""2025-08-30T23:57:02.231Z"""
"657","20","27","27","""2025-08-30T23:57:06.305Z"""
"658","20","28","28","""2025-08-30T23:57:10.180Z"""
"659","20","29","27","""2025-08-30T23:57:14.122Z"""
"660","20","30","33","""2025-08-30T23:57:18.100Z"""
"661","20","31","31","""2025-08-30T23:57:22.323Z"""
"662","21","1","18","""2025-08-30T23:57:26.444Z"""
"663","21","2","26","""2025-08-30T23:57:29.912Z"""
"664","21","3","22","""2025-08-30T23:57:33.790Z"""
"665","21","4","16","""2025-08-30T23:57:37.401Z"""
"666","21","5","20","""2025-08-30T23:57:40.654Z"""
"667","21","6","12","""2025-08-30T23:57:44.223Z"""
"668","21","7","29","""2025-08-30T23:57:47.343Z"""
"669","21","8","17","""2025-08-30T23:57:51.426Z"""
"670","21","9","18","""2025-08-30T23:57:54.753Z"""
"671","21","10","20","""2025-08-30T23:57:58.205Z"""
"672","21","11","10","""2025-08-30T23:58:01.793Z"""
"673","21","12","14","""2025-08-30T23:58:04.939Z"""
"674","22","1","17","""2025-08-30T23:58:08.340Z"""
"675","22","2","17","""2025-08-30T23:58:11.729Z"""
"676","22","3","11","""2025-08-30T23:58:15.127Z"""
"677","22","4","16","""2025-08-30T23:58:18.236Z"""
"678","22","5","16","""2025-08-30T23:58:21.566Z"""
"679","22","6","13","""2025-08-30T23:58:24.896Z"""
"680","22","7","13","""2025-08-30T23:58:28.070Z"""
"681","22","8","14","""2025-08-30T23:58:31.252Z"""
"682","23","1","31","""2025-08-30T23:58:34.495Z"""
"683","23","2","22","""2025-08-30T23:58:38.618Z"""
"684","23","3","26","""2025-08-30T23:58:42.367Z"""
"685","23","4","6","""2025-08-30T23:58:46.282Z"""
"686","23","5","30","""2025-08-30T23:58:49.048Z"""
"687","23","6","13","""2025-08-30T23:58:53.097Z"""
"688","23","7","25","""2025-08-30T23:58:56.256Z"""
"689","23","8","22","""2025-08-30T23:59:00.127Z"""
"690","23","9","21","""2025-08-30T23:59:03.868Z"""
"691","23","10","34","""2025-08-30T23:59:07.745Z"""
"692","23","11","16","""2025-08-30T23:59:12.129Z"""
"693","23","12","6","""2025-08-30T23:59:15.383Z"""
"694","23","13","22","""2025-08-30T23:59:18.047Z"""
"695","23","14","32","""2025-08-30T23:59:21.730Z"""
"696","23","15","9","""2025-08-30T23:59:25.988Z"""
"697","23","16","14","""2025-08-30T23:59:28.858Z"""
"698","23","17","14","""2025-08-30T23:59:32.083Z"""
"699","23","18","7","""2025-08-30T23:59:35.300Z"""
"700","23","19","25","""2025-08-30T23:59:38.166Z"""
"701","23","20","6","""2025-08-30T23:59:42.025Z"""
"702","23","21","17","""2025-08-30T23:59:44.783Z"""
"703","23","22","25","""2025-08-30T23:59:48.207Z"""
"704","23","23","18","""2025-08-30T23:59:52.057Z"""
"705","23","24","23","""2025-08-30T23:59:55.510Z"""
"706","23","25","12","""2025-08-30T23:59:59.142Z"""
"707","23","26","21","""2025-08-31T00:00:02.263Z"""
"708","23","27","13","""2025-08-31T00:00:05.953Z"""
"709","23","28","29","""2025-08-31T00:00:09.129Z"""
"710","23","29","24","""2025-08-31T00:00:13.392Z"""
"711","23","30","33","""2025-08-31T00:00:17.278Z"""
"712","23","31","9","""2025-08-31T00:00:21.701Z"""
"713","23","32","20","""2025-08-31T00:00:24.634Z"""
"714","23","33","24","""2025-08-31T00:00:28.245Z"""
"715","23","34","17","""2025-08-31T00:00:31.978Z"""
"716","23","35","10","""2025-08-31T00:00:35.407Z"""
"717","23","36","22","""2025-08-31T00:00:38.530Z"""
"718","23","37","38","""2025-08-31T00:00:42.265Z"""
"719","23","38","22","""2025-08-31T00:00:46.965Z"""
"720","23","39","8","""2025-08-31T00:00:50.692Z"""
"721","23","40","31","""2025-08-31T00:00:53.599Z"""
"722","23","41","29","""2025-08-31T00:00:57.736Z"""
"723","23","42","25","""2025-08-31T00:01:01.941Z"""
"724","23","43","28","""2025-08-31T00:01:05.851Z"""
"725","23","44","28","""2025-08-31T00:01:09.919Z"""
"726","23","45","25","""2025-08-31T00:01:13.917Z"""
"727","23","46","13","""2025-08-31T00:01:17.823Z"""
"728","23","47","15","""2025-08-31T00:01:21.025Z"""
"729","23","48","22","""2025-08-31T00:01:24.246Z"""
"730","23","49","26","""2025-08-31T00:01:28.051Z"""
"731","23","50","11","""2025-08-31T00:01:32.051Z"""
"732","23","51","23","""2025-08-31T00:01:35.141Z"""
"733","23","52","15","""2025-08-31T00:01:39.041Z"""
"734","23","53","12","""2025-08-31T00:01:42.359Z"""
"735","23","54","17","""2025-08-31T00:01:45.415Z"""
"736","23","55","13","""2025-08-31T00:01:48.830Z"""
"737","23","56","12","""2025-08-31T00:01:52.034Z"""
"738","23","57","21","""2025-08-31T00:01:55.183Z"""
"739","23","58","14","""2025-08-31T00:01:58.768Z"""
"740","23","59","21","""2025-08-31T00:02:02.025Z"""
"741","23","60","22","""2025-08-31T00:02:05.592Z"""
"742","23","61","11","""2025-08-31T00:02:09.221Z"""
"743","23","62","12","""2025-08-31T00:02:12.266Z"""
"744","23","63","19","""2025-08-31T00:02:15.342Z"""
"745","23","64","12","""2025-08-31T00:02:18.950Z"""
"746","23","65","25","""2025-08-31T00:02:22.088Z"""
"747","23","66","24","""2025-08-31T00:02:25.988Z"""
"748","24","1","19","""2025-08-31T00:02:29.832Z"""
"749","24","2","37","""2025-08-31T00:02:33.281Z"""
"750","24","3","25","""2025-08-31T00:02:37.972Z"""
"751","24","4","31","""2025-08-31T00:02:41.770Z"""
"752","24","5","31","""2025-08-31T00:02:45.921Z"""
"753","24","6","30","""2025-08-31T00:02:50.187Z"""
"754","24","7","34","""2025-08-31T00:02:54.276Z"""
"755","24","8","22","""2025-08-31T00:02:58.704Z"""
"756","24","9","26","""2025-08-31T00:03:02.504Z"""
"757","24","10","25","""2025-08-31T00:03:06.458Z"""
"758","24","11","23","""2025-08-31T00:03:10.354Z"""
"759","24","12","17","""2025-08-31T00:03:14.058Z"""
"760","24","13","27","""2025-08-31T00:03:17.500Z"""
"761","24","14","22","""2025-08-31T00:03:21.521Z"""
"762","24","15","21","""2025-08-31T00:03:25.250Z"""
"763","24","16","21","""2025-08-31T00:03:29.011Z"""
"764","24","17","27","""2025-08-31T00:03:32.683Z"""
"765","24","18","23","""2025-08-31T00:03:36.595Z"""
"766","24","19","15","""2025-08-31T00:03:40.274Z"""
"767","24","20","18","""2025-08-31T00:03:43.599Z"""
"768","24","21","14","""2025-08-31T00:03:47.085Z"""
"769","24","22","30","""2025-08-31T00:03:50.440Z"""
"770","24","23","40","""2025-08-31T00:03:54.639Z"""
"771","24","24","10","""2025-08-31T00:03:59.607Z"""
"772","24","25","38","""2025-08-31T00:04:02.636Z"""
"773","24","26","24","""2025-08-31T00:04:07.324Z"""
"774","24","27","22","""2025-08-31T00:04:11.161Z"""
"775","24","28","17","""2025-08-31T00:04:15.105Z"""
"776","24","29","32","""2025-08-31T00:04:18.616Z"""
"777","24","30","24","""2025-08-31T00:04:22.918Z"""
"778","24","31","40","""2025-08-31T00:04:26.771Z"""
"779","24","32","44","""2025-08-31T00:04:31.548Z"""
"780","24","33","26","""2025-08-31T00:04:36.577Z"""
"781","24","34","22","""2025-08-31T00:04:40.438Z"""
"782","24","35","19","""2025-08-31T00:04:44.222Z"""
"783","24","36","32","""2025-08-31T00:04:47.770Z"""
"784","24","37","21","""2025-08-31T00:04:52.089Z"""
"785","24","38","28","""2025-08-31T00:04:55.790Z"""
"786","24","39","18","""2025-08-31T00:05:00.206Z"""
"787","24","40","16","""2025-08-31T00:05:03.698Z"""
"788","24","41","18","""2025-08-31T00:05:07.207Z"""
"789","24","42","22","""2025-08-31T00:05:10.785Z"""
"790","24","43","13","""2025-08-31T00:05:14.523Z"""
"791","24","44","30","""2025-08-31T00:05:17.736Z"""
"792","24","45","5","""2025-08-31T00:05:21.953Z"""
"793","24","46","28","""2025-08-31T00:05:24.695Z"""
"794","24","47","7","""2025-08-31T00:05:28.770Z"""
"795","24","48","47","""2025-08-31T00:05:31.629Z"""
"796","24","49","39","""2025-08-31T00:05:36.895Z"""
"797","24","50","46","""2025-08-31T00:05:41.610Z"""
"798","24","51","64","""2025-08-31T00:05:46.661Z"""
"799","24","52","34","""2025-08-31T00:05:52.838Z"""
"800","25","1","22","""2025-08-31T00:05:57.258Z"""
"801","25","2","22","""2025-08-31T00:06:00.875Z"""
"802","25","3","66","""2025-08-31T00:06:04.671Z"""
"803","25","4","22","""2025-08-31T00:06:11.037Z"""
"804","25","5","22","""2025-08-31T00:06:14.767Z"""
"805","26","1","28","""2025-08-31T00:06:18.490Z"""
"806","26","2","10","""2025-08-31T00:06:22.573Z"""
"807","26","3","27","""2025-08-31T00:06:25.595Z"""
"808","26","4","17","""2025-08-31T00:06:29.609Z"""
"809","26","5","17","""2025-08-31T00:06:33.141Z"""
"810","26","6","14","""2025-08-31T00:06:36.571Z"""
"811","26","7","27","""2025-08-31T00:06:39.842Z"""
"812","26","8","18","""2025-08-31T00:06:43.744Z"""
"813","26","9","11","""2025-08-31T00:06:47.271Z"""
"814","26","10","22","""2025-08-31T00:06:50.270Z"""
"815","26","11","25","""2025-08-31T00:06:54.069Z"""
"816","26","12","28","""2025-08-31T00:06:57.977Z"""
"817","26","13","23","""2025-08-31T00:07:01.949Z"""
"818","26","14","23","""2025-08-31T00:07:05.922Z"""
"819","26","15","8","""2025-08-31T00:07:09.720Z"""
"820","26","16","63","""2025-08-31T00:07:12.640Z"""
"821","26","17","24","""2025-08-31T00:07:18.759Z"""
"822","26","18","32","""2025-08-31T00:07:22.622Z"""
"823","26","19","14","""2025-08-31T00:07:26.923Z"""
"824","26","20","49","""2025-08-31T00:07:30.212Z"""
"825","26","21","32","""2025-08-31T00:07:35.395Z"""
"826","26","22","31","""2025-08-31T00:07:39.737Z"""
"827","26","23","49","""2025-08-31T00:07:43.996Z"""
"828","26","24","27","""2025-08-31T00:07:49.409Z"""
"829","26","25","17","""2025-08-31T00:07:53.329Z"""
"830","26","26","21","""2025-08-31T00:07:56.667Z"""
"831","26","27","36","""2025-08-31T00:08:00.238Z"""
"832","26","28","26","""2025-08-31T00:08:04.685Z"""
"833","26","29","21","""2025-08-31T00:08:08.646Z"""
"834","26","30","26","""2025-08-31T00:08:12.336Z"""
"835","26","31","18","""2025-08-31T00:08:16.447Z"""
"836","26","32","32","""2025-08-31T00:08:20.089Z"""
"837","26","33","33","""2025-08-31T00:08:24.390Z"""
"838","26","34","31","""2025-08-31T00:08:28.759Z"""
"839","26","35","15","""2025-08-31T00:08:32.896Z"""
"840","26","36","38","""2025-08-31T00:08:36.236Z"""
"841","26","37","28","""2025-08-31T00:08:40.987Z"""
"842","26","38","23","""2025-08-31T00:08:44.954Z"""
"843","26","39","29","""2025-08-31T00:08:48.648Z"""
"844","26","40","49","""2025-08-31T00:08:52.677Z"""
"845","26","41","26","""2025-08-31T00:08:57.867Z"""
"846","26","42","20","""2025-08-31T00:09:01.726Z"""
"847","26","43","27","""2025-08-31T00:09:05.226Z"""
"848","26","44","31","""2025-08-31T00:09:09.233Z"""
"849","26","45","25","""2025-08-31T00:09:13.378Z"""
"850","26","46","24","""2025-08-31T00:09:17.201Z"""
"851","26","47","23","""2025-08-31T00:09:21.041Z"""
"852","26","48","35","""2025-08-31T00:09:24.726Z"""
"853","27","1","21","""2025-08-31T00:09:29.222Z"""
"854","27","2","49","""2025-08-31T00:09:32.977Z"""
"855","27","3","30","""2025-08-31T00:09:38.343Z"""
"856","27","4","37","""2025-08-31T00:09:42.575Z"""
"857","27","5","31","""2025-08-31T00:09:47.386Z"""
"858","27","6","28","""2025-08-31T00:09:51.634Z"""
"859","27","7","28","""2025-08-31T00:09:55.610Z"""
"860","27","8","27","""2025-08-31T00:09:59.594Z"""
"861","27","9","27","""2025-08-31T00:10:03.602Z"""
"862","27","10","21","""2025-08-31T00:10:07.519Z"""
"863","27","11","45","""2025-08-31T00:10:11.109Z"""
"864","27","12","13","""2025-08-31T00:10:16.091Z"""
"865","28","1","11","""2025-08-31T00:10:19.327Z"""
"866","28","2","23","""2025-08-31T00:10:22.317Z"""
"867","28","3","5","""2025-08-31T00:10:26.084Z"""
"868","28","4","19","""2025-08-31T00:10:28.833Z"""
"869","28","5","15","""2025-08-31T00:10:32.243Z"""
"870","28","6","11","""2025-08-31T00:10:35.522Z"""
"871","28","7","16","""2025-08-31T00:10:38.581Z"""
"872","28","8","14","""2025-08-31T00:10:41.917Z"""
"873","28","9","17","""2025-08-31T00:10:45.156Z"""
"874","28","10","15","""2025-08-31T00:10:48.492Z"""
"875","28","11","12","""2025-08-31T00:10:51.688Z"""
"876","28","12","14","""2025-08-31T00:10:54.822Z"""
"877","28","13","16","""2025-08-31T00:10:58.088Z"""
"878","28","14","9","""2025-08-31T00:11:01.442Z"""
"879","29","1","20","""2025-08-31T00:11:04.370Z"""
"880","29","2","32","""2025-08-31T00:11:07.939Z"""
"881","29","3","21","""2025-08-31T00:11:12.263Z"""
"882","30","1","15","""2025-08-31T00:11:15.911Z"""
"883","30","2","16","""2025-08-31T00:11:19.206Z"""
"884","30","3","15","""2025-08-31T00:11:22.558Z"""
"885","30","4","13","""2025-08-31T00:11:25.882Z"""
"886","30","5","27","""2025-08-31T00:11:29.079Z"""
"887","30","6","14","""2025-08-31T00:11:33.051Z"""
"888","30","7","17","""2025-08-31T00:11:36.321Z"""
"889","30","8","14","""2025-08-31T00:11:39.746Z"""
"890","30","9","15","""2025-08-31T00:11:42.970Z"""
"891","31","1","21","""2025-08-31T00:11:46.157Z"""
"892","32","1","17","""2025-08-31T00:11:49.807Z"""
"893","32","2","10","""2025-08-31T00:11:53.109Z"""
"894","32","3","10","""2025-08-31T00:11:56.041Z"""
"895","32","4","11","""2025-08-31T00:11:58.935Z"""
"896","33","1","16","""2025-08-31T00:12:01.887Z"""
"897","33","2","13","""2025-08-31T00:12:05.228Z"""
"898","33","3","12","""2025-08-31T00:12:08.391Z"""
"899","33","4","13","""2025-08-31T00:12:11.501Z"""
"900","33","5","15","""2025-08-31T00:12:14.670Z"""
"901","33","6","16","""2025-08-31T00:12:18.179Z"""
"902","33","7","20","""2025-08-31T00:12:21.522Z"""
"903","34","1","15","""2025-08-31T00:12:25.088Z"""
"904","34","2","13","""2025-08-31T00:12:28.415Z"""
"905","34","3","19","""2025-08-31T00:12:31.598Z"""
"906","35","1","17","""2025-08-31T00:12:35.135Z"""
"907","35","2","20","""2025-08-31T00:12:38.531Z"""
"908","35","3","19","""2025-08-31T00:12:42.030Z"""
"909","36","1","18","""2025-08-31T00:12:45.455Z"""
"910","36","2","15","""2025-08-31T00:12:48.803Z"""
"911","36","3","20","""2025-08-31T00:12:52.077Z"""
"912","37","1","15","""2025-08-31T00:12:55.653Z"""
"913","37","2","23","""2025-08-31T00:12:59.043Z"""
"914","38","1","21","""2025-08-31T00:13:02.725Z"""
"915","38","2","13","""2025-08-31T00:13:06.360Z"""
"916","38","3","10","""2025-08-31T00:13:09.523Z"""
"917","38","4","14","""2025-08-31T00:13:12.419Z"""
"918","38","5","11","""2025-08-31T00:13:15.650Z"""
"919","38","6","15","""2025-08-31T00:13:18.606Z"""
"920","38","7","14","""2025-08-31T00:13:21.891Z"""
"921","38","8","23","""2025-08-31T00:13:25.179Z"""
"922","38","9","17","""2025-08-31T00:13:28.934Z"""
"923","38","10","12","""2025-08-31T00:13:32.327Z"""
"924","38","11","17","""2025-08-31T00:13:35.445Z"""
"925","38","12","14","""2025-08-31T00:13:38.745Z"""
"926","38","13","9","""2025-08-31T00:13:41.965Z"""
"927","38","14","21","""2025-08-31T00:13:44.982Z"""
"928","39","1","14","""2025-08-31T00:13:48.507Z"""
"929","39","2","17","""2025-08-31T00:13:51.629Z"""
"930","39","3","18","""2025-08-31T00:13:55.020Z"""
"931","39","4","6","""2025-08-31T00:13:58.497Z"""
"932","40","1","25","""2025-08-31T00:14:01.250Z"""
"933","40","2","23","""2025-08-31T00:14:05.108Z"""
"934","40","3","17","""2025-08-31T00:14:08.880Z"""
"935","40","4","25","""2025-08-31T00:14:12.272Z"""
"936","40","5","48","""2025-08-31T00:14:16.047Z"""
"937","40","6","34","""2025-08-31T00:14:21.140Z"""
"938","40","7","29","""2025-08-31T00:14:25.408Z"""
"939","40","8","34","""2025-08-31T00:14:29.390Z"""
"940","40","9","38","""2025-08-31T00:14:33.664Z"""
"941","40","10","42","""2025-08-31T00:14:38.314Z"""
"942","40","11","30","""2025-08-31T00:14:43.064Z"""
"943","40","12","50","""2025-08-31T00:14:47.209Z"""
"944","40","13","58","""2025-08-31T00:14:52.638Z"""
"945","40","14","36","""2025-08-31T00:14:58.292Z"""
"946","40","15","39","""2025-08-31T00:15:02.673Z"""
"947","40","16","28","""2025-08-31T00:15:07.274Z"""
"948","40","17","27","""2025-08-31T00:15:11.210Z"""
"949","40","18","35","""2025-08-31T00:15:15.183Z"""
"950","40","19","30","""2025-08-31T00:15:19.511Z"""
"951","40","20","34","""2025-08-31T00:15:23.651Z"""
"952","40","21","46","""2025-08-31T00:15:27.925Z"""
"953","40","22","46","""2025-08-31T00:15:32.897Z"""
"954","40","23","39","""2025-08-31T00:15:37.901Z"""
"955","40","24","51","""2025-08-31T00:15:42.463Z"""
"956","40","25","46","""2025-08-31T00:15:47.706Z"""
"957","40","26","75","""2025-08-31T00:15:52.799Z"""
"958","40","27","66","""2025-08-31T00:15:59.434Z"""
"959","40","28","20","""2025-08-31T00:16:05.651Z"""
"960","41","1","45","""2025-08-31T00:16:09.141Z"""
"961","41","2","28","""2025-08-31T00:16:14.061Z"""
"962","41","3","35","""2025-08-31T00:16:18.008Z"""
"963","41","4","41","""2025-08-31T00:16:22.339Z"""
"964","41","5","43","""2025-08-31T00:16:27.027Z"""
"965","41","6","56","""2025-08-31T00:16:31.916Z"""
"966","41","7","37","""2025-08-31T00:16:37.550Z"""
"967","41","8","38","""2025-08-31T00:16:42.134Z"""
"968","41","9","50","""2025-08-31T00:16:46.741Z"""
"969","41","10","52","""2025-08-31T00:16:51.934Z"""
"970","41","11","33","""2025-08-31T00:16:57.497Z"""
"971","41","12","44","""2025-08-31T00:17:01.811Z"""
"972","41","13","37","""2025-08-31T00:17:06.660Z"""
"973","41","14","72","""2025-08-31T00:17:11.138Z"""
"974","41","15","47","""2025-08-31T00:17:17.605Z"""
"975","41","16","20","""2025-08-31T00:17:22.766Z"""
"976","42","1","80","""2025-08-31T00:17:26.336Z"""
"977","42","2","52","""2025-08-31T00:17:33.578Z"""
"978","42","3","38","""2025-08-31T00:17:38.897Z"""
"979","42","4","44","""2025-08-31T00:17:43.569Z"""
"980","42","5","39","""2025-08-31T00:17:48.435Z"""
"981","42","6","49","""2025-08-31T00:17:53.127Z"""
"982","42","7","50","""2025-08-31T00:17:58.368Z"""
"983","42","8","56","""2025-08-31T00:18:03.671Z"""
"984","42","9","62","""2025-08-31T00:18:09.330Z"""
"985","42","10","42","""2025-08-31T00:18:15.228Z"""
"986","42","11","54","""2025-08-31T00:18:20.005Z"""
"987","42","12","59","""2025-08-31T00:18:25.443Z"""
"988","42","13","35","""2025-08-31T00:18:31.276Z"""
"989","42","14","35","""2025-08-31T00:18:35.722Z"""
"990","42","15","32","""2025-08-31T00:18:40.156Z"""
"991","42","16","31","""2025-08-31T00:18:44.455Z"""
"992","42","17","37","""2025-08-31T00:18:48.733Z"""
"993","42","18","43","""2025-08-31T00:18:53.301Z"""
"994","42","19","48","""2025-08-31T00:18:58.205Z"""
"995","42","20","47","""2025-08-31T00:19:03.406Z"""
"996","42","21","38","""2025-08-31T00:19:08.450Z"""
"997","42","22","71","""2025-08-31T00:19:12.955Z"""
"998","42","23","56","""2025-08-31T00:19:19.395Z"""
"999","42","24","53","""2025-08-31T00:19:24.999Z"""
"1000","43","1","51","""2025-08-31T00:19:30.486Z"""
"1001","43","2","25","""2025-08-31T00:19:35.752Z"""
"1002","43","3","36","""2025-08-31T00:19:39.602Z"""
"1003","43","4","54","""2025-08-31T00:19:44.095Z"""
"1004","43","5","47","""2025-08-31T00:19:49.753Z"""
"1005","43","6","71","""2025-08-31T00:19:54.826Z"""
"1006","43","7","53","""2025-08-31T00:20:01.248Z"""
"1007","43","8","59","""2025-08-31T00:20:06.721Z"""
"1008","43","9","41","""2025-08-31T00:20:12.560Z"""
"1009","43","10","42","""2025-08-31T00:20:17.245Z"""
"1010","43","11","57","""2025-08-31T00:20:21.990Z"""
"1011","43","12","50","""2025-08-31T00:20:27.604Z"""
"1012","43","13","38","""2025-08-31T00:20:32.941Z"""
"1013","43","14","31","""2025-08-31T00:20:37.452Z"""
"1014","43","15","27","""2025-08-31T00:20:41.555Z"""
"1015","43","16","33","""2025-08-31T00:20:45.448Z"""
"1016","43","17","26","""2025-08-31T00:20:49.667Z"""
"1017","43","18","40","""2025-08-31T00:20:53.582Z"""
"1018","43","19","42","""2025-08-31T00:20:58.249Z"""
"1019","43","20","31","""2025-08-31T00:21:03.154Z"""
"1020","43","21","25","""2025-08-31T00:21:07.354Z"""
"1021","44","1","26","""2025-08-31T00:21:11.219Z"""
"1022","44","2","47","""2025-08-31T00:21:15.159Z"""
"1023","44","3","26","""2025-08-31T00:21:20.183Z"""
"1024","44","4","37","""2025-08-31T00:21:24.014Z"""
"1025","44","5","42","""2025-08-31T00:21:28.505Z"""
"1026","44","6","15","""2025-08-31T00:21:33.360Z"""
"1027","44","7","60","""2025-08-31T00:21:36.549Z"""
"1028","44","8","40","""2025-08-31T00:21:42.429Z"""
"1029","44","9","43","""2025-08-31T00:21:47.168Z"""
"1030","44","10","48","""2025-08-31T00:21:52.075Z"""
"1031","44","11","30","""2025-08-31T00:21:57.200Z"""
"1032","44","12","25","""2025-08-31T00:22:01.340Z"""
"1033","44","13","52","""2025-08-31T00:22:05.110Z"""
"1034","44","14","28","""2025-08-31T00:22:10.533Z"""
"1035","44","15","41","""2025-08-31T00:22:14.575Z"""
"1036","44","16","40","""2025-08-31T00:22:19.263Z"""
"1037","44","17","34","""2025-08-31T00:22:24.009Z"""
"1038","44","18","28","""2025-08-31T00:22:28.435Z"""
"1039","44","19","41","""2025-08-31T00:22:32.465Z"""
"1040","44","20","38","""2025-08-31T00:22:37.255Z"""
"1041","44","21","40","""2025-08-31T00:22:41.785Z"""
"1042","44","22","30","""2025-08-31T00:22:46.423Z"""
"1043","44","23","35","""2025-08-31T00:22:50.607Z"""
"1044","44","24","27","""2025-08-31T00:22:55.081Z"""
"1045","44","25","27","""2025-08-31T00:22:59.229Z"""
"1046","44","26","32","""2025-08-31T00:23:03.256Z"""
"1047","44","27","44","""2025-08-31T00:23:07.426Z"""
"1048","44","28","31","""2025-08-31T00:23:12.387Z"""
"1049","45","1","32","""2025-08-31T00:23:16.636Z"""
"1050","45","2","29","""2025-08-31T00:23:20.968Z"""
"1051","45","3","31","""2025-08-31T00:23:25.105Z"""
"1052","45","4","25","""2025-08-31T00:23:29.252Z"""
"1053","45","5","21","""2025-08-31T00:23:33.019Z"""
"1054","45","6","23","""2025-08-31T00:23:36.569Z"""
"1055","45","7","25","""2025-08-31T00:23:40.215Z"""
"1056","45","8","39","""2025-08-31T00:23:44.084Z"""
"1057","45","9","33","""2025-08-31T00:23:48.779Z"""
"1058","45","10","21","""2025-08-31T00:23:53.180Z"""
"1059","45","11","36","""2025-08-31T00:23:56.716Z"""
"1060","45","12","21","""2025-08-31T00:24:01.142Z"""
"1061","45","13","14","""2025-08-31T00:24:04.666Z"""
"1062","45","14","23","""2025-08-31T00:24:07.814Z"""
"1063","45","15","33","""2025-08-31T00:24:11.654Z"""
"1064","45","16","27","""2025-08-31T00:24:15.969Z"""
"1065","46","1","31","""2025-08-31T00:24:19.881Z"""
"1066","46","2","16","""2025-08-31T00:24:24.115Z"""
"1067","46","3","23","""2025-08-31T00:24:27.512Z"""
"1068","46","4","21","""2025-08-31T00:24:31.200Z"""
"1069","46","5","13","""2025-08-31T00:24:34.778Z"""
"1070","46","6","20","""2025-08-31T00:24:37.889Z"""
"1071","46","7","40","""2025-08-31T00:24:41.510Z"""
"1072","46","8","13","""2025-08-31T00:24:46.322Z"""
"1073","46","9","27","""2025-08-31T00:24:49.528Z"""
"1074","46","10","33","""2025-08-31T00:24:53.447Z"""
"1075","46","11","34","""2025-08-31T00:24:57.811Z"""
"1076","46","12","31","""2025-08-31T00:25:02.155Z"""
"1077","46","13","13","""2025-08-31T00:25:06.484Z"""
"1078","46","14","40","""2025-08-31T00:25:09.596Z"""
"1079","46","15","58","""2025-08-31T00:25:14.298Z"""
"1080","46","16","24","""2025-08-31T00:25:20.029Z"""
"1081","47","1","24","""2025-08-31T00:25:24.049Z"""
"1082","47","2","17","""2025-08-31T00:25:27.776Z"""
"1083","47","3","18","""2025-08-31T00:25:31.141Z"""
"1084","47","4","18","""2025-08-31T00:25:34.692Z"""
"1085","47","5","21","""2025-08-31T00:25:38.107Z"""
"1086","47","6","18","""2025-08-31T00:25:41.807Z"""
"1087","47","7","16","""2025-08-31T00:25:45.212Z"""
"1088","47","8","24","""2025-08-31T00:25:48.537Z"""
"1089","47","9","15","""2025-08-31T00:25:52.439Z"""
"1090","47","10","18","""2025-08-31T00:25:55.769Z"""
"1091","47","11","33","""2025-08-31T00:25:59.712Z"""
"1092","47","12","21","""2025-08-31T00:26:04.018Z"""
"1093","47","13","14","""2025-08-31T00:26:07.709Z"""
"1094","48","1","24","""2025-08-31T00:26:10.893Z"""
"1095","48","2","21","""2025-08-31T00:26:14.749Z"""
"1096","48","3","29","""2025-08-31T00:26:18.437Z"""
"1097","48","4","31","""2025-08-31T00:26:22.733Z"""
"1098","48","5","26","""2025-08-31T00:26:27.021Z"""
"1099","48","6","18","""2025-08-31T00:26:30.883Z"""
"1100","49","1","23","""2025-08-31T00:26:34.392Z"""
"1101","49","2","22","""2025-08-31T00:26:38.088Z"""
"1102","49","3","21","""2025-08-31T00:26:41.866Z"""
"1103","49","4","32","""2025-08-31T00:26:45.480Z"""
"1104","49","5","33","""2025-08-31T00:26:49.936Z"""
"1105","49","6","24","""2025-08-31T00:26:54.225Z"""
"1106","50","1","30","""2025-08-31T00:26:57.982Z"""
"1107","50","2","30","""2025-08-31T00:27:02.101Z"""
"1108","50","3","21","""2025-08-31T00:27:06.200Z"""
"1109","50","4","23","""2025-08-31T00:27:09.782Z"""
"1110","51","1","29","""2025-08-31T00:27:13.611Z"""
"1111","51","2","23","""2025-08-31T00:27:17.663Z"""
"1112","51","3","25","""2025-08-31T00:27:21.365Z"""
"1113","51","4","18","""2025-08-31T00:27:25.191Z"""
"1114","52","1","10","""2025-08-31T00:27:28.610Z"""
"1115","52","2","20","""2025-08-31T00:27:31.563Z"""
"1116","52","3","13","""2025-08-31T00:27:35.109Z"""
"1117","52","4","18","""2025-08-31T00:27:38.474Z"""
"1118","52","5","28","""2025-08-31T00:27:41.910Z"""
"1119","53","1","12","""2025-08-31T00:27:45.907Z"""
"1120","53","2","17","""2025-08-31T00:27:49.075Z"""
"1121","53","3","18","""2025-08-31T00:27:52.433Z"""
"1122","54","1","20","""2025-08-31T00:27:55.979Z"""
"1123","54","2","15","""2025-08-31T00:27:59.609Z"""
"1124","54","3","16","""2025-08-31T00:28:03.071Z"""
"1125","54","4","16","""2025-08-31T00:28:06.483Z"""
"1126","54","5","25","""2025-08-31T00:28:09.889Z"""
"1127","54","6","21","""2025-08-31T00:28:13.714Z"""
"1128","55","1","18","""2025-08-31T00:28:17.418Z"""
"1129","55","2","26","""2025-08-31T00:28:20.941Z"""
"1130","55","3","17","""2025-08-31T00:28:24.942Z"""
"1131","55","4","22","""2025-08-31T00:28:28.315Z"""
"1132","56","1","16","""2025-08-31T00:28:32.066Z"""
"1133","56","2","15","""2025-08-31T00:28:35.348Z"""
"1134","56","3","15","""2025-08-31T00:28:38.570Z"""
"1135","57","1","25","""2025-08-31T00:28:41.802Z"""
"1136","58","1","14","""2025-08-31T00:28:45.785Z"""
"1137","58","2","18","""2025-08-31T00:28:49.224Z"""
"1138","58","3","19","""2025-08-31T00:28:52.736Z"""
"1139","58","4","16","""2025-08-31T00:28:56.204Z"""
"1140","58","5","14","""2025-08-31T00:28:59.477Z"""
"1141","58","6","20","""2025-08-31T00:29:02.788Z"""
"1142","58","7","28","""2025-08-31T00:29:06.320Z"""
"1143","58","8","13","""2025-08-31T00:29:10.313Z"""
"1144","58","9","28","""2025-08-31T00:29:13.560Z"""
"1145","58","10","39","""2025-08-31T00:29:17.562Z"""
"1146","58","11","40","""2025-08-31T00:29:22.193Z"""
"1147","58","12","29","""2025-08-31T00:29:26.895Z"""
"1148","58","13","25","""2025-08-31T00:29:30.951Z"""
"1149","59","1","27","""2025-08-31T00:29:34.763Z"""
"1150","59","2","26","""2025-08-31T00:29:38.809Z"""
"1151","59","3","18","""2025-08-31T00:29:42.687Z"""
"1152","59","4","17","""2025-08-31T00:29:46.196Z"""
"1153","59","5","20","""2025-08-31T00:29:49.563Z"""
"1154","60","1","25","""2025-08-31T00:29:53.101Z"""
"1155","60","2","25","""2025-08-31T00:29:56.916Z"""
"1156","60","3","22","""2025-08-31T00:30:00.853Z"""
"1157","60","4","19","""2025-08-31T00:30:04.710Z"""
"1158","60","5","14","""2025-08-31T00:30:08.179Z"""
"1159","61","1","21","""2025-08-31T00:30:11.384Z"""
"1160","61","2","22","""2025-08-31T00:30:15.240Z"""
"1161","61","3","18","""2025-08-31T00:30:19.007Z"""
"1162","62","1","10","""2025-08-31T00:30:22.523Z"""
"1163","62","2","29","""2025-08-31T00:30:25.472Z"""
"1164","62","3","24","""2025-08-31T00:30:29.653Z"""
"1165","62","4","21","""2025-08-31T00:30:33.510Z"""
"1166","62","5","21","""2025-08-31T00:30:37.099Z"""
"1167","63","1","13","""2025-08-31T00:30:40.786Z"""
"1168","64","1","14","""2025-08-31T00:30:44.005Z"""
"1169","65","1","25","""2025-08-31T00:30:47.197Z"""
"1170","66","1","20","""2025-08-31T00:30:51.225Z"""
"1171","66","2","29","""2025-08-31T00:30:54.854Z"""
"1172","66","3","22","""2025-08-31T00:30:58.918Z"""
"1173","66","4","11","""2025-08-31T00:31:02.603Z"""
"1174","66","5","14","""2025-08-31T00:31:05.707Z"""
"1175","66","6","17","""2025-08-31T00:31:08.906Z"""
"1176","66","7","17","""2025-08-31T00:31:12.327Z"""
"1177","66","8","13","""2025-08-31T00:31:15.931Z"""
"1178","66","9","21","""2025-08-31T00:31:19.051Z"""
"1179","66","10","11","""2025-08-31T00:31:22.631Z"""
"1180","66","11","19","""2025-08-31T00:31:25.631Z"""
"1181","66","12","17","""2025-08-31T00:31:29.081Z"""
"1182","66","13","18","""2025-08-31T00:31:32.416Z"""
"1183","66","14","20","""2025-08-31T00:31:35.921Z"""
"1184","66","15","8","""2025-08-31T00:31:39.580Z"""
"1185","66","16","21","""2025-08-31T00:31:42.413Z"""
"1186","66","17","18","""2025-08-31T00:31:45.995Z"""
"1187","66","18","24","""2025-08-31T00:31:49.558Z"""
"1188","66","19","21","""2025-08-31T00:31:53.320Z"""
"1189","66","20","15","""2025-08-31T00:31:56.997Z"""
"1190","66","21","27","""2025-08-31T00:32:00.368Z"""
"1191","66","22","21","""2025-08-31T00:32:04.313Z"""